{"task1-fgsm-189213.14.npy": {"UM": 0.006072874493927126, "Ensemble": 0.0020242914979757085, "PGD-ADT": 0.004048582995951417}, "task1-fgsm-189216.156.npy": {"UM": 0.06882591093117409, "Ensemble": 0.0020242914979757085, "PGD-ADT": 0.010121457489878543}, "task1-fgsm-189219.25.npy": {"UM": 0.22874493927125505, "Ensemble": 0.012145748987854251, "PGD-ADT": 0.02631578947368421}, "task1-fgsm-189222.234.npy": {"UM": 0.728744939271255, "Ensemble": 0.06882591093117409, "PGD-ADT": 0.05668016194331984}, "task1-pgd-189238.0.npy": {"UM": 0.10931174089068826, "Ensemble": 0.004048582995951417, "PGD-ADT": 0.010121457489878543}, "task1-pgd-189253.625.npy": {"UM": 0.9838056680161943, "Ensemble": 0.06477732793522267, "PGD-ADT": 0.058704453441295545}, "task1-pgd-189268.093.npy": {"UM": 0.9878542510121457, "Ensemble": 0.7874493927125507, "PGD-ADT": 0.680161943319838}, "task1-pgd-189284.843.npy": {"UM": 0.9878542510121457, "Ensemble": 0.8967611336032388, "PGD-ADT": 0.951417004048583}, "task1-bim-189314.703.npy": {"UM": 0.8481781376518218, "Ensemble": 0.010121457489878543, "PGD-ADT": 0.02834008097165992}, "task1-bim-189344.906.npy": {"UM": 0.8481781376518218, "Ensemble": 0.010121457489878543, "PGD-ADT": 0.02834008097165992}, "task1-bim-189385.406.npy": {"UM": 0.8927125506072875, "Ensemble": 0.010121457489878543, "PGD-ADT": 0.02834008097165992}, "task1-bim-189439.859.npy": {"UM": 0.8967611336032388, "Ensemble": 0.010121457489878543, "PGD-ADT": 0.030364372469635626}, "task1-bim-189497.75.npy": {"UM": 0.9878542510121457, "Ensemble": 0.902834008097166, "PGD-ADT": 0.9757085020242915}}