{"task2-FGSM_0.5.npy": 0.888663967611336, "task2-FGSM_eps0.1.npy": 0.8906882591093117, "task2-FGSM_eps0.01.npy": 0.8825910931174089, "task2-FGSM_eps0.2.npy": 0.8765182186234818, "task2-FGSM_eps0.05.npy": 0.8846153846153846, "task2-PGD_eps0.1.npy": 0.8927125506072875, "task2-PGD_eps0.2.npy": 0.8866396761133604, "task2-PGD_eps0.5.npy": 0.8744939271255061, "task2-PGD_eps0.05.npy": 0.8866396761133604, "task2-PGD_eps0.7.npy": 0.8866396761133604}