{"task2-FGSM_0.5.npy": 0.8991935483870968, "task2-FGSM_eps0.1.npy": 0.8850806451612904, "task2-FGSM_eps0.01.npy": 0.8830645161290323, "task2-FGSM_eps0.2.npy": 0.8729838709677419, "task2-FGSM_eps0.05.npy": 0.8830645161290323, "task2-PGD_eps0.1.npy": 0.8870967741935484, "task2-PGD_eps0.2.npy": 0.8770161290322581, "task2-PGD_eps0.5.npy": 0.8729838709677419, "task2-PGD_eps0.05.npy": 0.8870967741935484, "task2-PGD_eps0.7.npy": 0.8870967741935484}