{"task2-FGSM_0.5.npy": 0.8704453441295547, "task2-FGSM_eps0.1.npy": 0.008097165991902834, "task2-FGSM_eps0.01.npy": 0.0020242914979757085, "task2-FGSM_eps0.2.npy": 0.058704453441295545, "task2-FGSM_eps0.05.npy": 0.006072874493927126, "task2-PGD_eps0.1.npy": 0.022267206477732792, "task2-PGD_eps0.2.npy": 0.11740890688259109, "task2-PGD_eps0.5.npy": 0.8846153846153846, "task2-PGD_eps0.05.npy": 0.008097165991902834, "task2-PGD_eps0.7.npy": 0.9635627530364372}