{"task2-FGSM_0.5.npy": 0.8727272727272727, "task2-FGSM_eps0.1.npy": 0.012121212121212121, "task2-FGSM_eps0.01.npy": 0.00404040404040404, "task2-FGSM_eps0.2.npy": 0.05858585858585859, "task2-FGSM_eps0.05.npy": 0.00808080808080808, "task2-PGD_eps0.1.npy": 0.024242424242424242, "task2-PGD_eps0.2.npy": 0.12323232323232323, "task2-PGD_eps0.5.npy": 0.8888888888888888, "task2-PGD_eps0.05.npy": 0.00808080808080808, "task2-PGD_eps0.7.npy": 0.9696969696969697}