{"111822.859.npy": 0.008097165991902834, "112149.578.npy": 0.1214574898785425, "112584.421.npy": 0.8825910931174089, "112962.656.npy": 0.9696356275303644, "113415.828.npy": 0.020242914979757085, "113459.828.npy": 0.0020242914979757085, "113511.093.npy": 0.004048582995951417, "113581.718.npy": 0.010121457489878543, "113654.921.npy": 0.06072874493927125, "113724.812.npy": 0.8724696356275303}