{"task2-FGSM_0.5.npy": 0.8704453441295547, "task2-FGSM_eps0.1.npy": 0.010121457489878543, "task2-FGSM_eps0.01.npy": 0.0020242914979757085, "task2-FGSM_eps0.2.npy": 0.058704453441295545, "task2-FGSM_eps0.05.npy": 0.004048582995951417, "task2-PGD_eps0.1.npy": 0.022267206477732792, "task2-PGD_eps0.2.npy": 0.12753036437246965, "task2-PGD_eps0.5.npy": 0.8866396761133604, "task2-PGD_eps0.05.npy": 0.006072874493927126, "task2-PGD_eps0.7.npy": 0.9655870445344129}