{"test_AE-mnist-cnn-clean-fgsm_eps0.1.npy": 0.8909090909090909, "test_AE-mnist-cnn-clean-fgsm_eps0.15.npy": 0.8949494949494949, "test_AE-mnist-cnn-clean-fgsm_eps0.2.npy": 0.8909090909090909, "test_AE-mnist-cnn-clean-fgsm_eps0.25.npy": 0.8888888888888888, "test_AE-mnist-cnn-clean-fgsm_eps0.3.npy": 0.8808080808080808, "test_AE-mnist-cnn-clean-bim_ord2_eps0.75.npy": 0.8909090909090909, "test_AE-mnist-cnn-clean-bim_ord2_eps0.85.npy": 0.8909090909090909, "test_AE-mnist-cnn-clean-bim_ord2_eps1.npy": 0.8909090909090909, "test_AE-mnist-cnn-clean-bim_ord2_eps1.1.npy": 0.8909090909090909, "test_AE-mnist-cnn-clean-bim_ord2_eps1.2.npy": 0.8929292929292929, "test_AE-mnist-cnn-clean-bim_ordinf_eps0.075.npy": 0.8909090909090909, "test_AE-mnist-cnn-clean-bim_ordinf_eps0.082.npy": 0.8909090909090909, "test_AE-mnist-cnn-clean-bim_ordinf_eps0.09.npy": 0.8909090909090909, "test_AE-mnist-cnn-clean-bim_ordinf_eps0.1.npy": 0.8909090909090909, "test_AE-mnist-cnn-clean-bim_ordinf_eps0.12.npy": 0.896969696969697, "test_AE-mnist-cnn-clean-cw_l2_lr0.0098.npy": 0.896969696969697, "test_AE-mnist-cnn-clean-cw_l2_lr0.01.npy": 0.896969696969697, "test_AE-mnist-cnn-clean-cw_l2_lr0.012.npy": 0.896969696969697, "test_AE-mnist-cnn-clean-cw_l2_lr0.015.npy": 0.896969696969697, "test_AE-mnist-cnn-clean-cw_l2_lr0.018.npy": 0.896969696969697, "test_AE-mnist-cnn-clean-deepfool_l2_overshoot3.npy": 0.898989898989899, "test_AE-mnist-cnn-clean-deepfool_l2_overshoot5.npy": 0.898989898989899, "test_AE-mnist-cnn-clean-deepfool_l2_overshoot8.npy": 0.896969696969697, "test_AE-mnist-cnn-clean-deepfool_l2_overshoot16.npy": 0.8868686868686869, "test_AE-mnist-cnn-clean-deepfool_l2_overshoot50.npy": 0.8808080808080808, "test_AE-mnist-cnn-clean-jsma_theta0.15_gamma0.5.npy": 0.8949494949494949, "test_AE-mnist-cnn-clean-jsma_theta0.17_gamma0.5.npy": 0.8949494949494949, "test_AE-mnist-cnn-clean-jsma_theta0.18_gamma0.5.npy": 0.896969696969697, "test_AE-mnist-cnn-clean-jsma_theta0.21_gamma0.5.npy": 0.8949494949494949, "test_AE-mnist-cnn-clean-jsma_theta0.25_gamma0.5.npy": 0.896969696969697, "test_AE-mnist-cnn-clean-pgd_eps0.075.npy": 0.8929292929292929, "test_AE-mnist-cnn-clean-pgd_eps0.082.npy": 0.8909090909090909, "test_AE-mnist-cnn-clean-pgd_eps0.09.npy": 0.8909090909090909, "test_AE-mnist-cnn-clean-pgd_eps0.1.npy": 0.8949494949494949, "test_AE-mnist-cnn-clean-pgd_eps0.11.npy": 0.8929292929292929, "test_AE-mnist-cnn-clean-mim_eps0.06.npy": 0.8909090909090909, "test_AE-mnist-cnn-clean-mim_eps0.067.npy": 0.8909090909090909, "test_AE-mnist-cnn-clean-mim_eps0.075.npy": 0.8929292929292929, "test_AE-mnist-cnn-clean-mim_eps0.085.npy": 0.8909090909090909, "test_AE-mnist-cnn-clean-mim_eps0.1.npy": 0.8909090909090909, "test_AE-mnist-cnn-clean-onepixel_pxCount15.npy": 0.8929292929292929, "test_AE-mnist-cnn-clean-onepixel_pxCount30.npy": 0.8949494949494949, "test_AE-mnist-cnn-clean-onepixel_pxCount35.npy": 0.8949494949494949, "test_AE-mnist-cnn-clean-onepixel_pxCount40.npy": 0.8949494949494949, "test_AE-mnist-cnn-clean-onepixel_pxCount75.npy": 0.896969696969697}