{"test_AE-mnist-cnn-clean-fgsm_eps0.1.npy": 0.25148974851025147, "test_AE-mnist-cnn-clean-fgsm_eps0.15.npy": 0.5145944854055146, "test_AE-mnist-cnn-clean-fgsm_eps0.2.npy": 0.711948288051712, "test_AE-mnist-cnn-clean-fgsm_eps0.25.npy": 0.8253711746288254, "test_AE-mnist-cnn-clean-fgsm_eps0.3.npy": 0.8842541157458843, "test_AE-mnist-cnn-clean-bim_ord2_eps0.75.npy": 0.3794566205433795, "test_AE-mnist-cnn-clean-bim_ord2_eps0.85.npy": 0.526916473083527, "test_AE-mnist-cnn-clean-bim_ord2_eps1.npy": 0.7402282597717402, "test_AE-mnist-cnn-clean-bim_ord2_eps1.1.npy": 0.8532471467528533, "test_AE-mnist-cnn-clean-bim_ord2_eps1.2.npy": 0.9203110796889203, "test_AE-mnist-cnn-clean-bim_ordinf_eps0.075.npy": 0.3937986062013938, "test_AE-mnist-cnn-clean-bim_ordinf_eps0.082.npy": 0.5303504696495304, "test_AE-mnist-cnn-clean-bim_ordinf_eps0.09.npy": 0.6817493182506817, "test_AE-mnist-cnn-clean-bim_ordinf_eps0.1.npy": 0.825068174931825, "test_AE-mnist-cnn-clean-bim_ordinf_eps0.12.npy": 0.9637410362589638, "test_AE-mnist-cnn-clean-cw_l2_lr0.0098.npy": 0.6043833956166044, "test_AE-mnist-cnn-clean-cw_l2_lr0.01.npy": 0.6227653772346228, "test_AE-mnist-cnn-clean-cw_l2_lr0.012.npy": 0.7608322391677609, "test_AE-mnist-cnn-clean-cw_l2_lr0.015.npy": 0.8710231289768711, "test_AE-mnist-cnn-clean-cw_l2_lr0.018.npy": 0.9180890819109181, "test_AE-mnist-cnn-clean-deepfool_l2_overshoot3.npy": 0.31835168164831834, "test_AE-mnist-cnn-clean-deepfool_l2_overshoot5.npy": 0.5394404605595394, "test_AE-mnist-cnn-clean-deepfool_l2_overshoot8.npy": 0.6655893344106656, "test_AE-mnist-cnn-clean-deepfool_l2_overshoot16.npy": 0.7681042318957682, "test_AE-mnist-cnn-clean-deepfool_l2_overshoot50.npy": 0.8380971619028381, "test_AE-mnist-cnn-clean-jsma_theta0.15_gamma0.5.npy": 0.36612463387536615, "test_AE-mnist-cnn-clean-jsma_theta0.17_gamma0.5.npy": 0.5359054640945359, "test_AE-mnist-cnn-clean-jsma_theta0.18_gamma0.5.npy": 0.6106453893546107, "test_AE-mnist-cnn-clean-jsma_theta0.21_gamma0.5.npy": 0.8036561963438037, "test_AE-mnist-cnn-clean-jsma_theta0.25_gamma0.5.npy": 0.9206140793859207, "test_AE-mnist-cnn-clean-pgd_eps0.075.npy": 0.40904959095040905, "test_AE-mnist-cnn-clean-pgd_eps0.082.npy": 0.6786183213816787, "test_AE-mnist-cnn-clean-pgd_eps0.09.npy": 0.7127562872437128, "test_AE-mnist-cnn-clean-pgd_eps0.1.npy": 0.8545601454398546, "test_AE-mnist-cnn-clean-pgd_eps0.11.npy": 0.952934047065953, "test_AE-mnist-cnn-clean-mim_eps0.06.npy": 0.2996667003332997, "test_AE-mnist-cnn-clean-mim_eps0.067.npy": 0.41854358145641857, "test_AE-mnist-cnn-clean-mim_eps0.075.npy": 0.5709524290475709, "test_AE-mnist-cnn-clean-mim_eps0.085.npy": 0.7467932532067468, "test_AE-mnist-cnn-clean-mim_eps0.1.npy": 0.9346530653469347, "test_AE-mnist-cnn-clean-onepixel_pxCount15.npy": 0.3032016967983032, "test_AE-mnist-cnn-clean-onepixel_pxCount30.npy": 0.48176951823048175, "test_AE-mnist-cnn-clean-onepixel_pxCount35.npy": 0.5536814463185536, "test_AE-mnist-cnn-clean-onepixel_pxCount40.npy": 0.6157963842036158, "test_AE-mnist-cnn-clean-onepixel_pxCount75.npy": 0.8262801737198263}