{
   "test_AE-mnist-cnn-clean-fgsm_eps0.1.npy":0.011493094061901401,
   "test_AE-mnist-cnn-clean-fgsm_eps0.15.npy":0.030345800988002825,
   "test_AE-mnist-cnn-clean-fgsm_eps0.2.npy":0.07561246093356185,
   "test_AE-mnist-cnn-clean-fgsm_eps0.25.npy":0.19628994858352655,
   "test_AE-mnist-cnn-clean-fgsm_eps0.3.npy":0.39419296300030243,
   "test_AE-mnist-cnn-clean-bim_ord2_eps0.75.npy":0.01058574453069866,
   "test_AE-mnist-cnn-clean-bim_ord2_eps0.85.npy":0.012803710051416473,
   "test_AE-mnist-cnn-clean-bim_ord2_eps1.npy":0.018651073696945256,
   "test_AE-mnist-cnn-clean-bim_ord2_eps1.1.npy":0.02318782135295897,
   "test_AE-mnist-cnn-clean-bim_ord2_eps1.2.npy":0.028732735154753504,
   "test_AE-mnist-cnn-clean-bim_ordinf_eps0.075.npy":0.008065329166246598,
   "test_AE-mnist-cnn-clean-bim_ordinf_eps0.082.npy":0.01018247807238633,
   "test_AE-mnist-cnn-clean-bim_ordinf_eps0.09.npy":0.012097993749369896,
   "test_AE-mnist-cnn-clean-bim_ordinf_eps0.1.npy":0.014618409113821958,
   "test_AE-mnist-cnn-clean-bim_ordinf_eps0.12.npy":0.02449843734247404,
   "test_AE-mnist-cnn-clean-cw_l2_lr0.0098.npy":0.0023187821352958966,
   "test_AE-mnist-cnn-clean-cw_l2_lr0.01.npy":0.0022179655207178145,
   "test_AE-mnist-cnn-clean-cw_l2_lr0.012.npy":0.0020163322915616494,
   "test_AE-mnist-cnn-clean-cw_l2_lr0.015.npy":0.0025204153644520617,
   "test_AE-mnist-cnn-clean-cw_l2_lr0.018.npy":0.0020163322915616494,
   "test_AE-mnist-cnn-clean-deepfool_l2_overshoot3.npy":0.013307793124306886,
   "test_AE-mnist-cnn-clean-deepfool_l2_overshoot5.npy":0.07077326343381389,
   "test_AE-mnist-cnn-clean-deepfool_l2_overshoot8.npy":0.2669623954027624,
   "test_AE-mnist-cnn-clean-deepfool_l2_overshoot16.npy":0.5767718520012098,
   "test_AE-mnist-cnn-clean-deepfool_l2_overshoot50.npy":0.7447323318882952,
   "test_AE-mnist-cnn-clean-jsma_theta0.15_gamma0.5.npy":0.004940014114326041,
   "test_AE-mnist-cnn-clean-jsma_theta0.17_gamma0.5.npy":0.006250630103841113,
   "test_AE-mnist-cnn-clean-jsma_theta0.18_gamma0.5.npy":0.006149813489263031,
   "test_AE-mnist-cnn-clean-jsma_theta0.21_gamma0.5.npy":0.007460429478778102,
   "test_AE-mnist-cnn-clean-jsma_theta0.25_gamma0.5.npy":0.010686561145276741,
   "test_AE-mnist-cnn-clean-pgd_eps0.075.npy":0.008468595624558928,
   "test_AE-mnist-cnn-clean-pgd_eps0.082.npy":0.010081661457808247,
   "test_AE-mnist-cnn-clean-pgd_eps0.09.npy":0.011694727291057565,
   "test_AE-mnist-cnn-clean-pgd_eps0.1.npy":0.014517592499243875,
   "test_AE-mnist-cnn-clean-pgd_eps0.11.npy":0.019659239842726082,
   "test_AE-mnist-cnn-clean-mim_eps0.06.npy":0.006754713176731525,
   "test_AE-mnist-cnn-clean-mim_eps0.067.npy":0.007157979635043855,
   "test_AE-mnist-cnn-clean-mim_eps0.075.npy":0.008871862082871258,
   "test_AE-mnist-cnn-clean-mim_eps0.085.npy":0.012097993749369896,
   "test_AE-mnist-cnn-clean-mim_eps0.1.npy":0.014215142655509628,
   "test_AE-mnist-cnn-clean-onepixel_pxCount15.npy":0.010384111301542494,
   "test_AE-mnist-cnn-clean-onepixel_pxCount30.npy":0.014013509426353463,
   "test_AE-mnist-cnn-clean-onepixel_pxCount35.npy":0.01512249218671237,
   "test_AE-mnist-cnn-clean-onepixel_pxCount40.npy":0.016231474947071278,
   "test_AE-mnist-cnn-clean-onepixel_pxCount75.npy":0.033672749269079545
}