{"test_AE-mnist-cnn-clean-fgsm_eps0.1.npy": 0.013202983269502117, "test_AE-mnist-cnn-clean-fgsm_eps0.15.npy": 0.038802660753880266, "test_AE-mnist-cnn-clean-fgsm_eps0.2.npy": 0.1222535779076799, "test_AE-mnist-cnn-clean-fgsm_eps0.25.npy": 0.33078008466035075, "test_AE-mnist-cnn-clean-fgsm_eps0.3.npy": 0.6117718201975408, "test_AE-mnist-cnn-clean-bim_ord2_eps0.75.npy": 0.010784116105623865, "test_AE-mnist-cnn-clean-bim_ord2_eps0.85.npy": 0.01390848619229994, "test_AE-mnist-cnn-clean-bim_ord2_eps1.npy": 0.020761943156621648, "test_AE-mnist-cnn-clean-bim_ord2_eps1.1.npy": 0.02600282201169119, "test_AE-mnist-cnn-clean-bim_ord2_eps1.2.npy": 0.03376335416246724, "test_AE-mnist-cnn-clean-bim_ordinf_eps0.075.npy": 0.009675468655513001, "test_AE-mnist-cnn-clean-bim_ordinf_eps0.082.npy": 0.012396694214876033, "test_AE-mnist-cnn-clean-bim_ordinf_eps0.09.npy": 0.015319492037895585, "test_AE-mnist-cnn-clean-bim_ordinf_eps0.1.npy": 0.019854867970167306, "test_AE-mnist-cnn-clean-bim_ordinf_eps0.12.npy": 0.03587986293086071, "test_AE-mnist-cnn-clean-cw_l2_lr0.0098.npy": 0.0006047167909695626, "test_AE-mnist-cnn-clean-cw_l2_lr0.01.npy": 0.0006047167909695626, "test_AE-mnist-cnn-clean-cw_l2_lr0.012.npy": 0.0006047167909695626, "test_AE-mnist-cnn-clean-cw_l2_lr0.015.npy": 0.0007055029227978231, "test_AE-mnist-cnn-clean-cw_l2_lr0.018.npy": 0.0006047167909695626, "test_AE-mnist-cnn-clean-deepfool_l2_overshoot3.npy": 0.017637573069945574, "test_AE-mnist-cnn-clean-deepfool_l2_overshoot5.npy": 0.0743801652892562, "test_AE-mnist-cnn-clean-deepfool_l2_overshoot8.npy": 0.25821406974400324, "test_AE-mnist-cnn-clean-deepfool_l2_overshoot16.npy": 0.5780084660350736, "test_AE-mnist-cnn-clean-deepfool_l2_overshoot50.npy": 0.7485386010884902, "test_AE-mnist-cnn-clean-jsma_theta0.15_gamma0.5.npy": 0.0033259423503325942, "test_AE-mnist-cnn-clean-jsma_theta0.17_gamma0.5.npy": 0.004031445273130417, "test_AE-mnist-cnn-clean-jsma_theta0.18_gamma0.5.npy": 0.005039306591413021, "test_AE-mnist-cnn-clean-jsma_theta0.21_gamma0.5.npy": 0.005140092723241282, "test_AE-mnist-cnn-clean-jsma_theta0.25_gamma0.5.npy": 0.010985688369280386, "test_AE-mnist-cnn-clean-pgd_eps0.075.npy": 0.009675468655513001, "test_AE-mnist-cnn-clean-pgd_eps0.082.npy": 0.012295908083047773, "test_AE-mnist-cnn-clean-pgd_eps0.09.npy": 0.015521064301552107, "test_AE-mnist-cnn-clean-pgd_eps0.1.npy": 0.02066115702479339, "test_AE-mnist-cnn-clean-pgd_eps0.11.npy": 0.024692602297923805, "test_AE-mnist-cnn-clean-mim_eps0.06.npy": 0.007458173755291272, "test_AE-mnist-cnn-clean-mim_eps0.067.npy": 0.00957468252368474, "test_AE-mnist-cnn-clean-mim_eps0.075.npy": 0.01148961902842169, "test_AE-mnist-cnn-clean-mim_eps0.085.npy": 0.015218705906067324, "test_AE-mnist-cnn-clean-mim_eps0.1.npy": 0.022576093529530338, "test_AE-mnist-cnn-clean-onepixel_pxCount15.npy": 0.014412416851441241, "test_AE-mnist-cnn-clean-onepixel_pxCount30.npy": 0.02086272928844991, "test_AE-mnist-cnn-clean-onepixel_pxCount35.npy": 0.026204394275347712, "test_AE-mnist-cnn-clean-onepixel_pxCount40.npy": 0.02811933078008466, "test_AE-mnist-cnn-clean-onepixel_pxCount75.npy": 0.07478330981656924}