{
   "task1-FGSM_eps0.1-362847.593.npy":0.018218623481781375,
   "task1-FGSM_eps0.01-362820.375.npy":0.004048582995951417,
   "task1-FGSM_eps0.2-362863.375.npy":0.06882591093117409,
   "task1-FGSM_eps0.05-362833.656.npy":0.008097165991902834,
   "task1-PGD_eps0.2-363004.578.npy":0.044534412955465584,
   "task1-PGD_eps0.5-363075.109.npy":0.7550607287449392,
   "task1-PGD_eps0.05-362934.953.npy":0.004048582995951417,
   "task1-PGD_eps0.7-363140.625.npy":0.8825910931174089
}