{"FGSM_eps0.1.npy": {"UM": 0.018145161290322582, "Ensemble": 0.010080645161290322, "PGD-ADT": 0.004032258064516129}, "FGSM_eps0.1-EOT_OFF.npy": {"UM": 0.020161290322580645, "Ensemble": 0.006048387096774193, "PGD-ADT": 0.006048387096774193}, "FGSM_eps0.2.npy": {"UM": 0.06451612903225806, "Ensemble": 0.07661290322580645, "PGD-ADT": 0.016129032258064516}, "FGSM_eps0.2-EOT_OFF.npy": {"UM": 0.07862903225806452, "Ensemble": 0.056451612903225805, "PGD-ADT": 0.024193548387096774}, "FGSM_eps0.15.npy": {"UM": 0.04032258064516129, "Ensemble": 0.02217741935483871, "PGD-ADT": 0.006048387096774193}, "FGSM_eps0.15-EOT_OFF.npy": {"UM": 0.03024193548387097, "Ensemble": 0.016129032258064516, "PGD-ADT": 0.010080645161290322}, "FGSM_eps0.23.npy": {"UM": 0.12298387096774194, "Ensemble": 0.1592741935483871, "PGD-ADT": 0.020161290322580645}, "FGSM_eps0.23-EOT_OFF.npy": {"UM": 0.1431451612903226, "Ensemble": 0.11290322580645161, "PGD-ADT": 0.036290322580645164}, "FGSM_eps0.25.npy": {"UM": 0.19959677419354838, "Ensemble": 0.21975806451612903, "PGD-ADT": 0.03024193548387097}, "FGSM_eps0.25-EOT_OFF.npy": {"UM": 0.19153225806451613, "Ensemble": 0.16129032258064516, "PGD-ADT": 0.046370967741935484}, "PGD_eps0.2.npy": {"UM": 0.038306451612903226, "Ensemble": 0.06653225806451613, "PGD-ADT": 0.012096774193548387}, "PGD_eps0.2-EOT_OFF.npy": {"UM": 0.06653225806451613, "Ensemble": 0.04032258064516129, "PGD-ADT": 0.016129032258064516}, "PGD_eps0.08.npy": {"UM": 0.008064516129032258, "Ensemble": 0.008064516129032258, "PGD-ADT": 0.004032258064516129}, "PGD_eps0.08-EOT_OFF.npy": {"UM": 0.008064516129032258, "Ensemble": 0.006048387096774193, "PGD-ADT": 0.004032258064516129}, "PGD_eps0.12.npy": {"UM": 0.014112903225806451, "Ensemble": 0.010080645161290322, "PGD-ADT": 0.006048387096774193}, "PGD_eps0.12-EOT_OFF.npy": {"UM": 0.024193548387096774, "Ensemble": 0.012096774193548387, "PGD-ADT": 0.006048387096774193}, "PGD_eps0.15.npy": {"UM": 0.024193548387096774, "Ensemble": 0.020161290322580645, "PGD-ADT": 0.006048387096774193}, "PGD_eps0.15-EOT_OFF.npy": {"UM": 0.034274193548387094, "Ensemble": 0.02217741935483871, "PGD-ADT": 0.008064516129032258}, "PGD_eps0.17.npy": {"UM": 0.02620967741935484, "Ensemble": 0.03225806451612903, "PGD-ADT": 0.010080645161290322}, "PGD_eps0.17-EOT_OFF.npy": {"UM": 0.038306451612903226, "Ensemble": 0.03225806451612903, "PGD-ADT": 0.014112903225806451}}