{"FGSM_eps0.1.npy": {"UM": 0.04251012145748988, "Ensemble": 0.006072874493927126, "PGD-ADT": 0.006072874493927126}, "FGSM_eps0.1-EOT_OFF.npy": {"UM": 0.25101214574898784, "Ensemble": 0.012145748987854251, "PGD-ADT": 0.010121457489878543}, "FGSM_eps0.2.npy": {"UM": 0.19838056680161945, "Ensemble": 0.06275303643724696, "PGD-ADT": 0.020242914979757085}, "FGSM_eps0.2-EOT_OFF.npy": {"UM": 0.7348178137651822, "Ensemble": 0.10931174089068826, "PGD-ADT": 0.05263157894736842}, "FGSM_eps0.15.npy": {"UM": 0.10121457489878542, "Ensemble": 0.01417004048582996, "PGD-ADT": 0.010121457489878543}, "FGSM_eps0.15-EOT_OFF.npy": {"UM": 0.5465587044534413, "Ensemble": 0.02834008097165992, "PGD-ADT": 0.020242914979757085}, "FGSM_eps0.23.npy": {"UM": 0.3157894736842105, "Ensemble": 0.14979757085020243, "PGD-ADT": 0.02834008097165992}, "FGSM_eps0.23-EOT_OFF.npy": {"UM": 0.8097165991902834, "Ensemble": 0.23481781376518218, "PGD-ADT": 0.06680161943319839}, "FGSM_eps0.25.npy": {"UM": 0.4311740890688259, "Ensemble": 0.22267206477732793, "PGD-ADT": 0.04048582995951417}, "FGSM_eps0.25-EOT_OFF.npy": {"UM": 0.8380566801619433, "Ensemble": 0.3603238866396761, "PGD-ADT": 0.08502024291497975}, "PGD_eps0.2.npy": {"UM": 0.10931174089068826, "Ensemble": 0.06275303643724696, "PGD-ADT": 0.010121457489878543}, "PGD_eps0.2-EOT_OFF.npy": {"UM": 0.9878542510121457, "Ensemble": 0.06477732793522267, "PGD-ADT": 0.05060728744939271}, "PGD_eps0.08.npy": {"UM": 0.008097165991902834, "Ensemble": 0.004048582995951417, "PGD-ADT": 0.006072874493927126}, "PGD_eps0.08-EOT_OFF.npy": {"UM": 0.4149797570850202, "Ensemble": 0.004048582995951417, "PGD-ADT": 0.008097165991902834}, "PGD_eps0.12.npy": {"UM": 0.024291497975708502, "Ensemble": 0.010121457489878543, "PGD-ADT": 0.006072874493927126}, "PGD_eps0.12-EOT_OFF.npy": {"UM": 0.8319838056680162, "Ensemble": 0.016194331983805668, "PGD-ADT": 0.018218623481781375}, "PGD_eps0.15.npy": {"UM": 0.03441295546558704, "Ensemble": 0.01417004048582996, "PGD-ADT": 0.006072874493927126}, "PGD_eps0.15-EOT_OFF.npy": {"UM": 0.9433198380566802, "Ensemble": 0.030364372469635626, "PGD-ADT": 0.022267206477732792}, "PGD_eps0.17.npy": {"UM": 0.058704453441295545, "Ensemble": 0.030364372469635626, "PGD-ADT": 0.006072874493927126}, "PGD_eps0.17-EOT_OFF.npy": {"UM": 0.9777327935222672, "Ensemble": 0.0465587044534413, "PGD-ADT": 0.03643724696356275}}